----------------------------------------------------------------
-Pin Report - Date: Fri Sep  5 13:06:34 2025 Pinchecksum: NOT-AVAILABLE
-Product: Designer
-Release: v2024.2
-Version: 2024.2.0.13
-Design Name: top_app
-Family: PolarFire
-Die: MPF100T
-Package: FCG484
-----------------------------------------------------------------

Number |Port                     |Function                                               |State      |I/O Std  |Direction |Used I/O Reg |User I/O Lock Down |Clamp Diode |Resistor Pull |Use I/O Calibration from the lane |Schmitt Trigger |Vcm Input Range |On Die Termination |Odt Value (Ohm) |Input Delay |Slew |Output Drive (mA) |Impedance (ohm) |Output Load (pF) |Source Termination (Ohm) |Output Delay |
-------|-------------------------|-------------------------------------------------------|-----------|---------|----------|-------------|-------------------|------------|--------------|----------------------------------|----------------|----------------|-------------------|----------------|------------|-----|------------------|----------------|-----------------|-------------------------|-------------|
A1                                VSS                                                     Reserved    
A2      WATER_LOW_ERROR           GPIO145PB2/CLKIN_S_2/CCC_SW_CLKIN_S_2/CCC_SW_PLL1_OUT0  Fixed       LVCMOS33  Input      None          No                  ON           Up             No                                 OFF              ---              ---                 ---              OFF          ---   ---                ---              ---               ---                       ---           
A3      WATER_LOW_WARNING         GPIO145NB2                                              Fixed       LVCMOS33  Input      None          No                  ON           Up             No                                 OFF              ---              ---                 ---              OFF          ---   ---                ---              ---               ---                       ---           
A4                                VSS                                                     Reserved    
A5      AD_SEL3                   GPIO3NB2                                                Fixed       LVCMOS33  Output     None          No                  ON           None           No                                 ---              ---              ---                 ---              ---          OFF   8                  ---              5                 ---                       OFF           
A6      LS_RES_REQ_N              GPIO9PB2                                                Fixed       LVCMOS33  Input      None          No                  ON           Up             No                                 OFF              ---              ---                 ---              OFF          ---   ---                ---              ---               ---                       ---           
A7                                GPIO9NB2                                                Unassigned  
A8      SYNC_LOC_OUT              GPIO11NB2                                               Fixed       LVCMOS33  Output     None          No                  ON           None           No                                 ---              ---              ---                 ---              ---          OFF   8                  ---              5                 ---                       OFF           
A9                                VDDI2                                                   Reserved    
A10     MTNENLP_CCH_SOURCE_STATE  GPIO16PB2/LPRB_A                                        Fixed       LVCMOS33  Input      None          No                  ON           Up             No                                 OFF              ---              ---                 ---              OFF          ---   ---                ---              ---               ---                       ---           
A11     MTNENLP_DKB_SOURCE_STATE  GPIO16NB2/LPRB_B                                        Fixed       LVCMOS33  Input      None          No                  ON           Up             No                                 OFF              ---              ---                 ---              OFF          ---   ---                ---              ---               ---                       ---           
A12     MTNENLP_LOC_SINK_STATE    GPIO17PB2/CLKIN_S_7                                     Fixed       LVCMOS33  Input      None          No                  ON           Up             No                                 OFF              ---              ---                 ---              OFF          ---   ---                ---              ---               ---                       ---           
A13     MTNENLP_LOC_SOURCE_STATE  GPIO17NB2                                               Fixed       LVCMOS33  Input      None          No                  ON           Up             No                                 OFF              ---              ---                 ---              OFF          ---   ---                ---              ---               ---                       ---           
A14                               VSS                                                     Reserved    
A15     LP_MON_A0                 GPIO35PB2/CLKIN_S_9/CCC_SE_CLKIN_S_9                    Fixed       LVCMOS33  Output     None          No                  ON           None           No                                 ---              ---              ---                 ---              ---          OFF   8                  ---              5                 ---                       OFF           
A16     LP_MON_A1                 GPIO35NB2                                               Fixed       LVCMOS33  Output     None          No                  ON           None           No                                 ---              ---              ---                 ---              ---          OFF   8                  ---              5                 ---                       OFF           
A17     LGCTRL1                   GPIO32PB2/DQS/CCC_SE_PLL0_OUT0                          Fixed       LVCMOS33  Output     None          No                  ON           None           No                                 ---              ---              ---                 ---              ---          OFF   8                  ---              5                 ---                       OFF           
A18                               VSS                                                     Reserved    
A19                               XCVR_1_RX0_N                                            Reserved    
A20                               XCVR_1_RX0_P                                            Reserved    
A21                               VSS                                                     Reserved    
A22                               VSS                                                     Reserved    
AA1                               HSIO102NB0                                              Unassigned  
AA2     APP_DBUG_HEADER4          HSIO98PB0                                               Fixed       LVCMOS18  Output     None          No                  ON           None           No                                 ---              ---              ---                 120              ---          OFF   8                  ---              5                 ---                       OFF           
AA3     APP_DBUG_ACTIVE           HSIO100NB0                                              Fixed       LVCMOS18  Output     None          No                  ON           None           No                                 ---              ---              ---                 120              ---          OFF   8                  ---              5                 ---                       OFF           
AA4                               VSS                                                     Reserved    
AA5                               HSIO93PB0/DQS                                           Unassigned  
AA6     TP138                     HSIO94NB0                                               Fixed       LVCMOS18  Input      None          No                  ON           Up             No                                 OFF              ---              OFF                 120              OFF          ---   ---                ---              ---               ---                       ---           
AA7                               HSIO91PB0                                               Unassigned  
AA8                               HSIO90PB0                                               Unassigned  
AA9                               VDDI1                                                   Reserved    
AA10    APP_AUX_IO0               HSIO54PB1                                               Fixed       LVCMOS18  Output     None          No                  ON           None           No                                 ---              ---              ---                 120              ---          OFF   8                  ---              5                 ---                       OFF           
AA11    APP_AUX_IO3               HSIO55NB1                                               Fixed       LVCMOS18  Output     None          No                  ON           None           No                                 ---              ---              ---                 120              ---          OFF   8                  ---              5                 ---                       OFF           
AA12                              HSIO51PB1/DQS/CCC_NE_PLL1_OUT0                          Unassigned  
AA13    TP120                     HSIO52PB1                                               Fixed       LVCMOS18  Input      None          No                  ON           Up             No                                 OFF              ---              OFF                 120              OFF          ---   ---                ---              ---               ---                       ---           
AA14                              VSS                                                     Reserved    
AA15                              HSIO48NB1                                               Unassigned  
AA16                              HSIO46PB1                                               Unassigned  
AA17                              HSIO45NB1/DQS                                           Unassigned  
AA18                              VSS                                                     Reserved    
AA19                              XCVR_0_RX3_N                                            Reserved    
AA20                              XCVR_0_RX3_P                                            Reserved    
AA21                              VSS                                                     Reserved    
AA22                              VSS                                                     Reserved    
AB1                               VSS                                                     Reserved    
AB2     APP_DBUG_HEADER6          HSIO98NB0                                               Fixed       LVCMOS18  Output     None          No                  ON           None           No                                 ---              ---              ---                 120              ---          OFF   8                  ---              5                 ---                       OFF           
AB3                               HSIO96PB0                                               Unassigned  
AB4                               HSIO96NB0                                               Unassigned  
AB5                               HSIO93NB0/DQS                                           Unassigned  
AB6                               VDDI0                                                   Reserved    
AB7                               HSIO91NB0                                               Unassigned  
AB8     DISABLE_HDW_FPGA          HSIO57PB1/DQS                                           Fixed       LVCMOS18  Output     None          No                  ON           None           No                                 ---              ---              ---                 120              ---          OFF   8                  ---              5                 ---                       OFF           
AB9                               HSIO57NB1/DQS                                           Unassigned  
AB10    APP_AUX_IO1               HSIO54NB1                                               Fixed       LVCMOS18  Output     None          No                  ON           None           No                                 ---              ---              ---                 120              ---          OFF   8                  ---              5                 ---                       OFF           
AB11                              VSS                                                     Reserved    
AB12                              HSIO51NB1/DQS                                           Unassigned  
AB13    TP121                     HSIO52NB1                                               Fixed       LVCMOS18  Input      None          No                  ON           Up             No                                 OFF              ---              OFF                 120              OFF          ---   ---                ---              ---               ---                       ---           
AB14                              HSIO50PB1/CLKIN_N_8/CCC_NE_CLKIN_N_8/CCC_NE_PLL1_OUT0   Unassigned  
AB15                              HSIO50NB1                                               Unassigned  
AB16                              VDDI1                                                   Reserved    
AB17    APP_FPGA_SPI1_MISO        HSIO45PB1/DQS/CCC_NE_PLL0_OUT0                          Fixed       LVCMOS18  Output     None          No                  ON           None           No                                 ---              ---              ---                 120              ---          OFF   8                  ---              5                 ---                       OFF           
AB18                              VSS                                                     Reserved    
AB19                              VSS                                                     Reserved    
AB20                              VSS                                                     Reserved    
AB21                              XCVR_0_TX3_N                                            Reserved    
AB22                              XCVR_0_TX3_P                                            Reserved    
B1      WATER_FUSE_OK_N           GPIO144NB2/DQS                                          Fixed       LVCMOS33  Input      None          No                  ON           Up             No                                 OFF              ---              ---                 ---              OFF          ---   ---                ---              ---               ---                       ---           
B2      TP181                     GPIO147PB2/CLKIN_S_3/CCC_SW_CLKIN_S_3                   Fixed       LVCMOS33  Input      None          No                  ON           Up             No                                 OFF              ---              ---                 ---              OFF          ---   ---                ---              ---               ---                       ---           
B3      TP180                     GPIO147NB2                                              Fixed       LVCMOS33  Input      None          No                  ON           Up             No                                 OFF              ---              ---                 ---              OFF          ---   ---                ---              ---               ---                       ---           
B4      AD_SEL2                   GPIO3PB2                                                Fixed       LVCMOS33  Output     None          No                  ON           None           No                                 ---              ---              ---                 ---              ---          OFF   8                  ---              5                 ---                       OFF           
B5      AD_SEL7                   GPIO5NB2                                                Fixed       LVCMOS33  Output     None          No                  ON           None           No                                 ---              ---              ---                 ---              ---          OFF   8                  ---              5                 ---                       OFF           
B6                                VDDI2                                                   Reserved    
B7      LS_OSSD2_N                GPIO7NB2                                                Fixed       LVCMOS33  Input      None          No                  ON           Up             No                                 OFF              ---              ---                 ---              OFF          ---   ---                ---              ---               ---                       ---           
B8      SYNC_LOC_MONITOR          GPIO11PB2                                               Fixed       LVCMOS33  Input      None          No                  ON           Up             No                                 OFF              ---              ---                 ---              OFF          ---   ---                ---              ---               ---                       ---           
B9      BMENLP_LOC_SINK_STATE     GPIO14PB2/DQS                                           Fixed       LVCMOS33  Input      None          No                  ON           Up             No                                 OFF              ---              ---                 ---              OFF          ---   ---                ---              ---               ---                       ---           
B10     BMENLP_LOC_SOURCE_STATE   GPIO14NB2/DQS                                           Fixed       LVCMOS33  Input      None          No                  ON           Up             No                                 OFF              ---              ---                 ---              OFF          ---   ---                ---              ---               ---                       ---           
B11                               VSS                                                     Reserved    
B12     SYNC_MONITOR              GPIO12PB2/CLKIN_S_4                                     Fixed       LVCMOS33  Input      None          No                  ON           Up             No                                 OFF              ---              ---                 ---              OFF          ---   ---                ---              ---               ---                       ---           
B13     SYNC_OUT                  GPIO12NB2                                               Fixed       LVCMOS33  Output     None          No                  ON           None           No                                 ---              ---              ---                 ---              ---          OFF   8                  ---              5                 ---                       OFF           
B14     LGCTRL3                   GPIO33PB2/CLKIN_S_8/CCC_SE_CLKIN_S_8/CCC_SE_PLL0_OUT0   Fixed       LVCMOS33  Output     None          No                  ON           None           No                                 ---              ---              ---                 ---              ---          OFF   8                  ---              5                 ---                       OFF           
B15     P24VDRV_TEMP_FAULT_N      GPIO33NB2                                               Fixed       LVCMOS33  Input      None          No                  ON           Up             No                                 OFF              ---              ---                 ---              OFF          ---   ---                ---              ---               ---                       ---           
B16                               VDDI2                                                   Reserved    
B17     LGCTRL2                   GPIO32NB2/DQS                                           Fixed       LVCMOS33  Output     None          No                  ON           None           No                                 ---              ---              ---                 ---              ---          OFF   8                  ---              5                 ---                       OFF           
B18                               VSS                                                     Reserved    
B19                               VDDA                                                    Reserved    
B20                               VSS                                                     Reserved    
B21                               XCVR_1_TX0_N                                            Reserved    
B22                               XCVR_1_TX0_P                                            Reserved    
C1      WATER_HIGH_ERROR          GPIO144PB2/DQS/CCC_SW_PLL1_OUT0                         Fixed       LVCMOS33  Input      None          No                  ON           Up             No                                 OFF              ---              ---                 ---              OFF          ---   ---                ---              ---               ---                       ---           
C2      PUMP_FAULT                GPIO143NB2                                              Fixed       LVCMOS33  Input      None          No                  ON           Up             No                                 OFF              ---              ---                 ---              OFF          ---   ---                ---              ---               ---                       ---           
C3                                VDDI2                                                   Reserved    
C4      AD_SDOUT                  GPIO1NB2                                                Fixed       LVCMOS33  Input      None          No                  ON           Up             No                                 OFF              ---              ---                 ---              OFF          ---   ---                ---              ---               ---                       ---           
C5      AD_SEL6                   GPIO5PB2                                                Fixed       LVCMOS33  Output     None          No                  ON           None           No                                 ---              ---              ---                 ---              ---          OFF   8                  ---              5                 ---                       OFF           
C6      CW_LIMIT_STAT             GPIO7PB2                                                Fixed       LVCMOS33  Input      None          No                  ON           Up             No                                 OFF              ---              ---                 ---              OFF          ---   ---                ---              ---               ---                       ---           
C7      CCW_LIMIT_STAT            GPIO6NB2                                                Fixed       LVCMOS33  Input      None          No                  ON           Up             No                                 OFF              ---              ---                 ---              OFF          ---   ---                ---              ---               ---                       ---           
C8                                VSS                                                     Reserved    
C9                                GPIO13PB2/CLKIN_S_5                                     Unassigned  
C10     GROTPWR_STS_N             GPIO13NB2                                               Fixed       LVCMOS33  Input      None          No                  ON           Up             No                                 OFF              ---              ---                 ---              OFF          ---   ---                ---              ---               ---                       ---           
C11     BMENLP_SOURCE_STATE       GPIO15PB2/CLKIN_S_6                                     Fixed       LVCMOS33  Input      None          No                  ON           Up             No                                 OFF              ---              ---                 ---              OFF          ---   ---                ---              ---               ---                       ---           
C12     KVBMENLP_SOURCE_STATE     GPIO15NB2                                               Fixed       LVCMOS33  Input      None          No                  ON           Up             No                                 OFF              ---              ---                 ---              OFF          ---   ---                ---              ---               ---                       ---           
C13                               VDDI2                                                   Reserved    
C14     FLOW_N4                   GPIO31PB2                                               Fixed       LVCMOS33  Input      None          No                  ON           Up             No                                 OFF              ---              ---                 ---              OFF          ---   ---                ---              ---               ---                       ---           
C15     FLOW_N5                   GPIO31NB2                                               Fixed       LVCMOS33  Input      None          No                  ON           Up             No                                 OFF              ---              ---                 ---              OFF          ---   ---                ---              ---               ---                       ---           
C16                               GPIO34PB2/CCC_SE_PLL0_OUT1                              Unassigned  
C17                               GPIO34NB2                                               Unassigned  
C18                               VSS                                                     Reserved    
C19                               XCVR_1_RX1_N                                            Reserved    
C20                               XCVR_1_RX1_P                                            Reserved    
C21                               VDDA                                                    Reserved    
C22                               VSS                                                     Reserved    
D1                                GPIO142NB2                                              Unassigned  
D2                                GPIO143PB2/CCC_SW_CLKIN_S_1                             Unassigned  
D3      TP182                     GPIO146NB2                                              Fixed       LVCMOS33  Input      None          No                  ON           Up             No                                 OFF              ---              ---                 ---              OFF          ---   ---                ---              ---               ---                       ---           
D4      AD_CNVST_N                GPIO1PB2                                                Fixed       LVCMOS33  Output     None          No                  ON           None           No                                 ---              ---              ---                 ---              ---          OFF   8                  ---              5                 ---                       OFF           
D5                                VSS                                                     Reserved    
D6      AD_SEL5                   GPIO4NB2                                                Fixed       LVCMOS33  Output     None          No                  ON           None           No                                 ---              ---              ---                 ---              ---          OFF   8                  ---              5                 ---                       OFF           
D7      BMPLS                     GPIO6PB2                                                Fixed       LVCMOS33  Input      None          No                  ON           Up             No                                 OFF              ---              ---                 ---              OFF          ---   ---                ---              ---               ---                       ---           
D8      GANT_LOCK_PIN_STAT        GPIO8NB2/DQS                                            Fixed       LVCMOS33  Input      None          No                  ON           Up             No                                 OFF              ---              ---                 ---              OFF          ---   ---                ---              ---               ---                       ---           
D9      PUMP_CLR_FLT_ON           GPIO10NB2                                               Fixed       LVCMOS33  Output     None          No                  ON           None           No                                 ---              ---              ---                 ---              ---          OFF   8                  ---              5                 ---                       OFF           
D10                               VDDI2                                                   Reserved    
D11     TP134                     GPIO26PB2/DQS                                           Fixed       LVCMOS33  Input      None          No                  ON           Up             No                                 OFF              ---              ---                 ---              OFF          ---   ---                ---              ---               ---                       ---           
D12     TP133                     GPIO26NB2/DQS                                           Fixed       LVCMOS33  Input      None          No                  ON           Up             No                                 OFF              ---              ---                 ---              OFF          ---   ---                ---              ---               ---                       ---           
D13     FLOW_N1                   GPIO29PB2                                               Fixed       LVCMOS33  Input      None          No                  ON           Up             No                                 OFF              ---              ---                 ---              OFF          ---   ---                ---              ---               ---                       ---           
D14     FLOW_N3                   GPIO30PB2                                               Fixed       LVCMOS33  Input      None          No                  ON           Up             No                                 OFF              ---              ---                 ---              OFF          ---   ---                ---              ---               ---                       ---           
D15                               VSS                                                     Reserved    
D16     LP_MON_SEL3               GPIO38PB2/DQS/CCC_SE_PLL1_OUT0                          Fixed       LVCMOS33  Output     None          No                  ON           None           No                                 ---              ---              ---                 ---              ---          OFF   8                  ---              5                 ---                       OFF           
D17                               GPIO38NB2/DQS                                           Unassigned  
D18                               VSS                                                     Reserved    
D19                               XCVR_VREF                                               Reserved    
D20                               VSS                                                     Reserved    
D21                               XCVR_1_TX1_N                                            Reserved    
D22                               XCVR_1_TX1_P                                            Reserved    
E1      PEND_FUSE_OK_N            GPIO142PB2/CCC_SW_CLKIN_S_0                             Fixed       LVCMOS33  Input      None          No                  ON           Up             No                                 OFF              ---              ---                 ---              OFF          ---   ---                ---              ---               ---                       ---           
E2                                VSS                                                     Reserved    
E3      TP183                     GPIO146PB2/CCC_SW_PLL1_OUT1                             Fixed       LVCMOS33  Input      None          No                  ON           Up             No                                 OFF              ---              ---                 ---              OFF          ---   ---                ---              ---               ---                       ---           
E4      AD_SEL1                   GPIO2NB2/DQS                                            Fixed       LVCMOS33  Output     None          No                  ON           None           No                                 ---              ---              ---                 ---              ---          OFF   8                  ---              5                 ---                       OFF           
E5      AD_SCLK                   GPIO0NB2                                                Fixed       LVCMOS33  Output     None          No                  ON           None           No                                 ---              ---              ---                 ---              ---          OFF   8                  ---              5                 ---                       OFF           
E6      AD_SEL4                   GPIO4PB2                                                Fixed       LVCMOS33  Output     None          No                  ON           None           No                                 ---              ---              ---                 ---              ---          OFF   8                  ---              5                 ---                       OFF           
E7                                VDDI2                                                   Reserved    
E8      LS_WARNING_N              GPIO8PB2/DQS                                            Fixed       LVCMOS33  Input      None          No                  ON           Up             No                                 OFF              ---              ---                 ---              OFF          ---   ---                ---              ---               ---                       ---           
E9      APP_DEVRST_N              GPIO10PB2                                               Fixed       LVCMOS33  Input      None          No                  ON           Up             No                                 OFF              ---              ---                 ---              OFF          ---   ---                ---              ---               ---                       ---           
E10     PWRENLP_SOURCE_STATE      GPIO25NB2                                               Fixed       LVCMOS33  Input      None          No                  ON           Up             No                                 OFF              ---              ---                 ---              OFF          ---   ---                ---              ---               ---                       ---           
E11     DAC_CS_N                  GPIO28PB2                                               Fixed       LVCMOS33  Output     None          No                  ON           None           No                                 ---              ---              ---                 ---              ---          OFF   8                  ---              5                 ---                       OFF           
E12                               VSS                                                     Reserved    
E13                               GPIO29NB2                                               Unassigned  
E14     FLOW_N2                   GPIO30NB2                                               Fixed       LVCMOS33  Input      None          No                  ON           Up             No                                 OFF              ---              ---                 ---              OFF          ---   ---                ---              ---               ---                       ---           
E15     APP_FPGA_100M_CLK         GPIO39PB2/CCC_SE_CLKIN_S_10/CCC_SE_PLL1_OUT0            Fixed       LVCMOS33  Input      None          No                  ON           Up             No                                 OFF              ---              ---                 ---              OFF          ---   ---                ---              ---               ---                       ---           
E16                               GPIO39NB2                                               Unassigned  
E17                               VDDI2                                                   Reserved    
E18                               VSS                                                     Reserved    
E19                               XCVR_1C_REFCLK_P                                        Reserved    
E20                               XCVR_1C_REFCLK_N                                        Reserved    
E21                               VDDA                                                    Reserved    
E22                               VSS                                                     Reserved    
F1                                GPIO134NB4                                              Unassigned  
F2                                GPIO134PB4                                              Unassigned  
F3      AD_SEL0                   GPIO2PB2/DQS                                            Fixed       LVCMOS33  Output     None          No                  ON           None           No                                 ---              ---              ---                 ---              ---          OFF   8                  ---              5                 ---                       OFF           
F4                                VDDI2                                                   Reserved    
F5                                GPIO0PB2                                                Unassigned  
F6                                TDO                                                     Reserved    
F7                                TMS                                                     Reserved    
F8                                TCK                                                     Reserved    
F9                                VSS                                                     Reserved    
F10     PWRENLP_LOC_SOURCE_STATE  GPIO25PB2                                               Fixed       LVCMOS33  Input      None          No                  ON           Up             No                                 OFF              ---              ---                 ---              OFF          ---   ---                ---              ---               ---                       ---           
F11     DAC_SDO                   GPIO28NB2                                               Fixed       LVCMOS33  Input      None          No                  ON           Up             No                                 OFF              ---              ---                 ---              OFF          ---   ---                ---              ---               ---                       ---           
F12     DAC_SDI                   GPIO27NB2                                               Fixed       LVCMOS33  Output     None          No                  ON           None           No                                 ---              ---              ---                 ---              ---          OFF   8                  ---              5                 ---                       OFF           
F13     ST_DAC_CLK                GPIO27PB2                                               Fixed       LVCMOS33  Output     None          No                  ON           None           No                                 ---              ---              ---                 ---              ---          OFF   8                  ---              5                 ---                       OFF           
F14                               VDDI2                                                   Reserved    
F15     ENCODER1_FUSE_OK          GPIO41PB2/CCC_SE_CLKIN_S_11                             Fixed       LVCMOS33  Input      None          No                  ON           Up             No                                 OFF              ---              ---                 ---              OFF          ---   ---                ---              ---               ---                       ---           
F16     HW_GANT_ROT_EN_FLT_N      GPIO41NB2                                               Fixed       LVCMOS33  Input      None          No                  ON           Up             No                                 OFF              ---              ---                 ---              OFF          ---   ---                ---              ---               ---                       ---           
F17     DKB_FUSE_OK_N             GPIO40NB2                                               Fixed       LVCMOS33  Input      None          No                  ON           Up             No                                 OFF              ---              ---                 ---              OFF          ---   ---                ---              ---               ---                       ---           
F18                               VSS                                                     Reserved    
F19                               XCVR_VREF                                               Reserved    
F20                               VSS                                                     Reserved    
F21                               XCVR_1_RX2_N                                            Reserved    
F22                               XCVR_1_RX2_P                                            Reserved    
G1                                VDDI4                                                   Reserved    
G2                                GPIO135PB4/CLKIN_W_3/CCC_SW_CLKIN_W_3                   Unassigned  
G3                                SCK                                                     Reserved    
G4                                SS                                                      Reserved    
G5                                SDO                                                     Reserved    
G6                                VSS                                                     Reserved    
G7                                TRSTB                                                   Reserved    
G8                                TDI                                                     Reserved    
G9                                IO_CFG_INTF                                             Reserved    
G10                               SDI                                                     Reserved    
G11                               VDDI2                                                   Reserved    
G12     MTNENLP_SOURCE_STATE      GPIO24PB2                                               Fixed       LVCMOS33  Input      None          No                  ON           Up             No                                 OFF              ---              ---                 ---              OFF          ---   ---                ---              ---               ---                       ---           
G13     PWRENLP_LOC_SINK_STATE    GPIO24NB2                                               Fixed       LVCMOS33  Input      None          No                  ON           Up             No                                 OFF              ---              ---                 ---              OFF          ---   ---                ---              ---               ---                       ---           
G14     LP_MON_A2                 GPIO36PB2                                               Fixed       LVCMOS33  Output     None          No                  ON           None           No                                 ---              ---              ---                 ---              ---          OFF   8                  ---              5                 ---                       OFF           
G15     LP_MON_SEL2               GPIO37NB2                                               Fixed       LVCMOS33  Output     None          No                  ON           None           No                                 ---              ---              ---                 ---              ---          OFF   8                  ---              5                 ---                       OFF           
G16                               VSS                                                     Reserved    
G17     DKB_EMO_CLOSED            GPIO40PB2/CCC_SE_PLL1_OUT1                              Fixed       LVCMOS33  Input      None          No                  ON           Up             No                                 OFF              ---              ---                 ---              OFF          ---   ---                ---              ---               ---                       ---           
G18                               VDDA25                                                  Reserved    
G19                               XCVR_1A_REFCLK_P                                        Reserved    
G20                               XCVR_1A_REFCLK_N                                        Reserved    
G21                               VDDA                                                    Reserved    
G22                               VSS                                                     Reserved    
H1      ENCODER_TX_ENAB1          GPIO133PB4/DQS                                          Fixed       LVCMOS33  Output     None          No                  ON           None           No                                 ---              ---              ---                 ---              ---          OFF   8                  ---              5                 ---                       OFF           
H2                                GPIO135NB4                                              Unassigned  
H3                                VSS                                                     Reserved    
H4      TP191                     GPIO139PB4/DQS/CCC_SW_PLL0_OUT0                         Fixed       LVCMOS33  Input      None          No                  ON           Up             No                                 OFF              ---              ---                 ---              OFF          ---   ---                ---              ---               ---                       ---           
H5      TP186                     GPIO140NB4                                              Fixed       LVCMOS33  Input      None          No                  ON           Up             No                                 OFF              ---              ---                 ---              OFF          ---   ---                ---              ---               ---                       ---           
H6      TP187                     GPIO140PB4                                              Fixed       LVCMOS33  Input      None          No                  ON           Up             No                                 OFF              ---              ---                 ---              OFF          ---   ---                ---              ---               ---                       ---           
H7      CAN3_LED_N                GPIO137PB4/CLKIN_W_2/CCC_SW_CLKIN_W_2/CCC_SW_PLL0_OUT0  Fixed       LVCMOS33  Output     None          No                  ON           None           No                                 ---              ---              ---                 ---              ---          OFF   8                  ---              5                 ---                       OFF           
H8                                VDDI3                                                   Reserved    
H9                                DEVRST_N                                                Reserved    
H10                               SPI_EN                                                  Reserved    
H11                               RESERVED                                                Reserved    
H12                               VDDI3                                                   Reserved    
H13     LP_MON_SEL0               GPIO36NB2                                               Fixed       LVCMOS33  Output     None          No                  ON           None           No                                 ---              ---              ---                 ---              ---          OFF   8                  ---              5                 ---                       OFF           
H14                               VDDAUX2                                                 Reserved    
H15     LP_MON_SEL1               GPIO37PB2                                               Fixed       LVCMOS33  Output     None          No                  ON           None           No                                 ---              ---              ---                 ---              ---          OFF   8                  ---              5                 ---                       OFF           
H16                               VDDAUX2                                                 Reserved    
H17                               VDDI2                                                   Reserved    
H18                               VSS                                                     Reserved    
H19                               VDDA                                                    Reserved    
H20                               VSS                                                     Reserved    
H21                               XCVR_1_TX2_N                                            Reserved    
H22                               XCVR_1_TX2_P                                            Reserved    
J1      ENCODER_TX_ENAB2          GPIO133NB4/DQS                                          Fixed       LVCMOS33  Output     None          No                  ON           None           No                                 ---              ---              ---                 ---              ---          OFF   8                  ---              5                 ---                       OFF           
J2      ENCODER_RX2               GPIO131NB4                                              Fixed       LVCMOS33  Input      None          No                  ON           Up             No                                 OFF              ---              ---                 ---              OFF          ---   ---                ---              ---               ---                       ---           
J3      ENCODER_RX1               GPIO131PB4/CLKIN_W_5/CCC_NW_CLKIN_W_5                   Fixed       LVCMOS33  Input      None          No                  ON           Up             No                                 OFF              ---              ---                 ---              OFF          ---   ---                ---              ---               ---                       ---           
J4      TP194                     GPIO139NB4/DQS                                          Fixed       LVCMOS33  Input      None          No                  ON           Up             No                                 OFF              ---              ---                 ---              OFF          ---   ---                ---              ---               ---                       ---           
J5                                VDDI4                                                   Reserved    
J6      CAN1_LED_N                GPIO136PB4/CCC_SW_PLL0_OUT1                             Fixed       LVCMOS33  Output     None          No                  ON           None           No                                 ---              ---              ---                 ---              ---          OFF   8                  ---              5                 ---                       OFF           
J7      CAN4_LED_N                GPIO137NB4                                              Fixed       LVCMOS33  Output     None          No                  ON           None           No                                 ---              ---              ---                 ---              ---          OFF   8                  ---              5                 ---                       OFF           
J8      TP184                     GPIO138PB4/CLKIN_W_1/CCC_SW_CLKIN_W_1                   Fixed       LVCMOS33  Input      None          No                  ON           Up             No                                 OFF              ---              ---                 ---              OFF          ---   ---                ---              ---               ---                       ---           
J9      TP185                     GPIO141PB4/CLKIN_W_0/CCC_SW_CLKIN_W_0                   Fixed       LVCMOS33  Input      None          No                  ON           Up             No                                 OFF              ---              ---                 ---              OFF          ---   ---                ---              ---               ---                       ---           
J10                               VDD25                                                   Reserved    
J11                               VDDAUX2                                                 Reserved    
J12                               VSS                                                     Reserved    
J13                               VDDAUX2                                                 Reserved    
J14                               VSS                                                     Reserved    
J15                               VDD                                                     Reserved    
J16                               VSS                                                     Reserved    
J17                               VDD25                                                   Reserved    
J18                               VDD_XCVR_CLK                                            Reserved    
J19                               XCVR_1B_REFCLK_P                                        Reserved    
J20                               XCVR_1B_REFCLK_N                                        Reserved    
J21                               VDDA                                                    Reserved    
J22                               VSS                                                     Reserved    
K1      TP193                     GPIO130PB4                                              Fixed       LVCMOS33  Input      None          No                  ON           Up             No                                 OFF              ---              ---                 ---              OFF          ---   ---                ---              ---               ---                       ---           
K2                                VDDI4                                                   Reserved    
K3      ENCODER_TX1               GPIO132PB4/CLKIN_W_4/CCC_NW_CLKIN_W_4                   Fixed       LVCMOS33  Output     None          No                  ON           None           No                                 ---              ---              ---                 ---              ---          OFF   8                  ---              5                 ---                       OFF           
K4      TP192                     GPIO127NB4/DQS                                          Fixed       LVCMOS33  Input      None          No                  ON           Up             No                                 OFF              ---              ---                 ---              OFF          ---   ---                ---              ---               ---                       ---           
K5      TP190                     GPIO127PB4/DQS                                          Fixed       LVCMOS33  Input      None          No                  ON           Up             No                                 OFF              ---              ---                 ---              OFF          ---   ---                ---              ---               ---                       ---           
K6      CAN2_LED_N                GPIO136NB4                                              Fixed       LVCMOS33  Output     None          No                  ON           None           No                                 ---              ---              ---                 ---              ---          OFF   8                  ---              5                 ---                       OFF           
K7                                VSS                                                     Reserved    
K8      TP197                     GPIO138NB4                                              Fixed       LVCMOS33  Input      None          No                  ON           Up             No                                 OFF              ---              ---                 ---              OFF          ---   ---                ---              ---               ---                       ---           
K9      TP188                     GPIO141NB4                                              Fixed       LVCMOS33  Input      None          No                  ON           Up             No                                 OFF              ---              ---                 ---              OFF          ---   ---                ---              ---               ---                       ---           
K10                               VDDAUX4                                                 Reserved    
K11                               VSS                                                     Reserved    
K12                               VDD                                                     Reserved    
K13                               VSS                                                     Reserved    
K14                               VDD                                                     Reserved    
K15                               VSS                                                     Reserved    
K16                               VDD                                                     Reserved    
K17                               VSS                                                     Reserved    
K18                               VSS                                                     Reserved    
K19                               VDDA                                                    Reserved    
K20                               VSS                                                     Reserved    
K21                               XCVR_1_TX3_N                                            Reserved    
K22                               XCVR_1_TX3_P                                            Reserved    
L1      TP200                     GPIO130NB4                                              Fixed       LVCMOS33  Input      None          No                  ON           Up             No                                 OFF              ---              ---                 ---              OFF          ---   ---                ---              ---               ---                       ---           
L2      ENCODER_TX2               GPIO132NB4                                              Fixed       LVCMOS33  Output     None          No                  ON           None           No                                 ---              ---              ---                 ---              ---          OFF   8                  ---              5                 ---                       OFF           
L3      TP203                     GPIO128PB4                                              Fixed       LVCMOS33  Input      None          No                  ON           Up             No                                 OFF              ---              ---                 ---              OFF          ---   ---                ---              ---               ---                       ---           
L4                                VSS                                                     Reserved    
L5      TP189                     GPIO129PB4                                              Fixed       LVCMOS33  Input      None          No                  ON           Up             No                                 OFF              ---              ---                 ---              OFF          ---   ---                ---              ---               ---                       ---           
L6      ST_DMD_MSSB_TX            GPIO126PB4                                              Fixed       LVCMOS33  Output     None          No                  ON           None           No                                 ---              ---              ---                 ---              ---          OFF   8                  ---              5                 ---                       OFF           
L7      TP202                     GPIO125PB4                                              Fixed       LVCMOS33  Input      None          No                  ON           Up             No                                 OFF              ---              ---                 ---              OFF          ---   ---                ---              ---               ---                       ---           
L8      TP196                     GPIO125NB4                                              Fixed       LVCMOS33  Input      None          No                  ON           Up             No                                 OFF              ---              ---                 ---              OFF          ---   ---                ---              ---               ---                       ---           
L9                                VDDI4                                                   Reserved    
L10                               VSS                                                     Reserved    
L11                               VDD                                                     Reserved    
L12                               VSS                                                     Reserved    
L13                               VDD25                                                   Reserved    
L14                               VSS                                                     Reserved    
L15                               VDD                                                     Reserved    
L16                               VSS                                                     Reserved    
L17                               VDD                                                     Reserved    
L18                               VDDA25                                                  Reserved    
L19                               XCVR_1_RX3_N                                            Reserved    
L20                               XCVR_1_RX3_P                                            Reserved    
L21                               VDDA                                                    Reserved    
L22                               VSS                                                     Reserved    
M1                                VSS                                                     Reserved    
M2      TP195                     GPIO124NB4                                              Fixed       LVCMOS33  Input      None          No                  ON           Up             No                                 OFF              ---              ---                 ---              OFF          ---   ---                ---              ---               ---                       ---           
M3      TP198                     GPIO124PB4                                              Fixed       LVCMOS33  Input      None          No                  ON           Up             No                                 OFF              ---              ---                 ---              OFF          ---   ---                ---              ---               ---                       ---           
M4      TP201                     GPIO128NB4                                              Fixed       LVCMOS33  Input      None          No                  ON           Up             No                                 OFF              ---              ---                 ---              OFF          ---   ---                ---              ---               ---                       ---           
M5      TP199                     GPIO129NB4                                              Fixed       LVCMOS33  Input      None          No                  ON           Up             No                                 OFF              ---              ---                 ---              OFF          ---   ---                ---              ---               ---                       ---           
M6                                VDDI4                                                   Reserved    
M7      DMD_MSSB_RX               GPIO126NB4                                              Fixed       LVCMOS33  Input      None          No                  ON           Up             No                                 OFF              ---              ---                 ---              OFF          ---   ---                ---              ---               ---                       ---           
M8      P5VISO_STATUS             GPIO123PB4                                              Fixed       LVCMOS33  Input      None          No                  ON           Up             No                                 OFF              ---              ---                 ---              OFF          ---   ---                ---              ---               ---                       ---           
M9                                GPIO123NB4                                              Unassigned  
M10                               VDDAUX4                                                 Reserved    
M11                               VSS                                                     Reserved    
M12                               VDD                                                     Reserved    
M13                               VSS                                                     Reserved    
M14                               VDD                                                     Reserved    
M15                               VSS                                                     Reserved    
M16                               VDD                                                     Reserved    
M17                               VSS                                                     Reserved    
M18                               VSS                                                     Reserved    
M19                               VDDA                                                    Reserved    
M20                               VSS                                                     Reserved    
M21                               XCVR_0_RX0_N                                            Reserved    
M22                               XCVR_0_RX0_P                                            Reserved    
N1      CAN_TX3                   GPIO109PB4/DQS                                          Fixed       LVCMOS33  Output     None          No                  ON           None           No                                 ---              ---              ---                 ---              ---          OFF   8                  ---              5                 ---                       OFF           
N2      CAN_RX1                   GPIO112PB4                                              Fixed       LVCMOS33  Input      None          No                  ON           Up             No                                 OFF              ---              ---                 ---              OFF          ---   ---                ---              ---               ---                       ---           
N3                                VDDI4                                                   Reserved    
N4                                GPIO116PB4                                              Unassigned  
N5      PEND_FUSE_ON              GPIO122NB4                                              Fixed       LVCMOS33  Output     None          No                  ON           None           No                                 ---              ---              ---                 ---              ---          OFF   8                  ---              5                 ---                       OFF           
N6      DKB_FUSE_ON               GPIO122PB4                                              Fixed       LVCMOS33  Output     None          No                  ON           None           No                                 ---              ---              ---                 ---              ---          OFF   8                  ---              5                 ---                       OFF           
N7      SF6_VALVE_OPEN            GPIO121PB4/DQS                                          Fixed       LVCMOS33  Output     None          No                  ON           None           No                                 ---              ---              ---                 ---              ---          OFF   8                  ---              5                 ---                       OFF           
N8      WATER_FUSE_ON             GPIO121NB4/DQS                                          Fixed       LVCMOS33  Output     None          No                  ON           None           No                                 ---              ---              ---                 ---              ---          OFF   8                  ---              5                 ---                       OFF           
N9                                VDDAUX4                                                 Reserved    
N10                               VSS                                                     Reserved    
N11                               VDD                                                     Reserved    
N12                               VSS                                                     Reserved    
N13                               VDD                                                     Reserved    
N14                               VSS                                                     Reserved    
N15                               VDD                                                     Reserved    
N16                               VSS                                                     Reserved    
N17                               VDD                                                     Reserved    
N18                               VDD_XCVR_CLK                                            Reserved    
N19                               XCVR_0C_REFCLK_P                                        Reserved    
N20                               XCVR_0C_REFCLK_N                                        Reserved    
N21                               VDDA                                                    Reserved    
N22                               VSS                                                     Reserved    
P1      CAN_TX4                   GPIO109NB4/DQS                                          Fixed       LVCMOS33  Output     None          No                  ON           None           No                                 ---              ---              ---                 ---              ---          OFF   8                  ---              5                 ---                       OFF           
P2      CAN_RX2                   GPIO112NB4                                              Fixed       LVCMOS33  Input      None          No                  ON           Up             No                                 OFF              ---              ---                 ---              OFF          ---   ---                ---              ---               ---                       ---           
P3                                GPIO116NB4                                              Unassigned  
P4      PRI_QUADR_A               GPIO114PB4/CLKIN_W_6/CCC_NW_CLKIN_W_6/CCC_NW_PLL0_OUT1  Fixed       LVCMOS33  Input      None          No                  ON           Up             No                                 OFF              ---              ---                 ---              OFF          ---   ---                ---              ---               ---                       ---           
P5                                VSS                                                     Reserved    
P6      ENCODER_FUSE_ON_N         GPIO119PB4                                              Fixed       LVCMOS33  Output     None          No                  ON           None           No                                 ---              ---              ---                 ---              ---          OFF   8                  ---              5                 ---                       OFF           
P7      PUMP_EN_ON                GPIO120PB4                                              Fixed       LVCMOS33  Output     None          No                  ON           None           No                                 ---              ---              ---                 ---              ---          OFF   8                  ---              5                 ---                       OFF           
P8      SF6_24V_ON                GPIO120NB4                                              Fixed       LVCMOS33  Output     None          No                  ON           None           No                                 ---              ---              ---                 ---              ---          OFF   8                  ---              5                 ---                       OFF           
P9      STAT_LED3_N               GPIO118PB4                                              Fixed       LVCMOS33  Output     None          No                  ON           None           No                                 ---              ---              ---                 ---              ---          OFF   8                  ---              5                 ---                       OFF           
P10                               VDD25                                                   Reserved    
P11                               VSS                                                     Reserved    
P12                               VDD18                                                   Reserved    
P13                               VSS                                                     Reserved    
P14                               VDD18                                                   Reserved    
P15                               VSS                                                     Reserved    
P16                               VDD18                                                   Reserved    
P17                               VSS                                                     Reserved    
P18                               VSS                                                     Reserved    
P19                               VDDA                                                    Reserved    
P20                               VSS                                                     Reserved    
P21                               XCVR_0_TX0_N                                            Reserved    
P22                               XCVR_0_TX0_P                                            Reserved    
R1      CAN_TX1                   GPIO108PB4/CLKIN_W_7/CCC_NW_CLKIN_W_7/CCC_NW_PLL0_OUT0  Fixed       LVCMOS33  Output     None          No                  ON           None           No                                 ---              ---              ---                 ---              ---          OFF   8                  ---              5                 ---                       OFF           
R2                                VSS                                                     Reserved    
R3      PRI_QUADR_B               GPIO114NB4                                              Fixed       LVCMOS33  Input      None          No                  ON           Up             No                                 OFF              ---              ---                 ---              OFF          ---   ---                ---              ---               ---                       ---           
R4      STAT_LED2_N               GPIO117NB4                                              Fixed       LVCMOS33  Output     None          No                  ON           None           No                                 ---              ---              ---                 ---              ---          OFF   8                  ---              5                 ---                       OFF           
R5      STAT_LED1_N               GPIO117PB4                                              Fixed       LVCMOS33  Output     None          No                  ON           None           No                                 ---              ---              ---                 ---              ---          OFF   8                  ---              5                 ---                       OFF           
R6      FPGA_DONE                 GPIO119NB4                                              Fixed       LVCMOS33  Output     None          No                  ON           None           No                                 ---              ---              ---                 ---              ---          OFF   8                  ---              5                 ---                       OFF           
R7                                VDDI4                                                   Reserved    
R8      HEARTBEAT_LED_N           GPIO118NB4                                              Fixed       LVCMOS33  Output     None          No                  ON           None           No                                 ---              ---              ---                 ---              ---          OFF   8                  ---              5                 ---                       OFF           
R9      HSSB_PMII_TX_DATA2        HSIO80PB0/CLKIN_N_4                                     Fixed       LVCMOS18  Output     None          No                  ON           None           No                                 ---              ---              ---                 120              ---          OFF   8                  ---              5                 ---                       OFF           
R10     HSSB_PMII_TX_DATA3        HSIO80NB0                                               Fixed       LVCMOS18  Output     None          No                  ON           None           No                                 ---              ---              ---                 120              ---          OFF   8                  ---              5                 ---                       OFF           
R11                               VDDI0                                                   Reserved    
R12     TP115                     HSIO70PB1                                               Fixed       LVCMOS18  Input      None          No                  ON           Up             No                                 OFF              ---              OFF                 120              OFF          ---   ---                ---              ---               ---                       ---           
R13                               HSIO69PB1/DQS                                           Unassigned  
R14                               VDD18                                                   Reserved    
R15                               HSIO66NB1                                               Unassigned  
R16                               HSIO47NB1                                               Unassigned  
R17                               VDD25                                                   Reserved    
R18                               VDDA25                                                  Reserved    
R19                               XCVR_0A_REFCLK_P                                        Reserved    
R20                               XCVR_0A_REFCLK_N                                        Reserved    
R21                               VDDA                                                    Reserved    
R22                               VSS                                                     Reserved    
T1      CAN_TX2                   GPIO108NB4                                              Fixed       LVCMOS33  Output     None          No                  ON           None           No                                 ---              ---              ---                 ---              ---          OFF   8                  ---              5                 ---                       OFF           
T2      PRI_QUADR_I               GPIO115PB4/DQS/CCC_NW_PLL0_OUT0                         Fixed       LVCMOS33  Input      None          No                  ON           Up             No                                 OFF              ---              ---                 ---              OFF          ---   ---                ---              ---               ---                       ---           
T3                                GPIO115NB4/DQS                                          Unassigned  
T4                                VDDI4                                                   Reserved    
T5      CAN_RX3                   GPIO113PB4                                              Fixed       LVCMOS33  Input      None          No                  ON           Up             No                                 OFF              ---              ---                 ---              OFF          ---   ---                ---              ---               ---                       ---           
T6      CAN_RX4                   GPIO113NB4                                              Fixed       LVCMOS33  Input      None          No                  ON           Up             No                                 OFF              ---              ---                 ---              OFF          ---   ---                ---              ---               ---                       ---           
T7      HSSB_PMII_RX_DATA2        HSIO83PB0                                               Fixed       LVCMOS18  Input      None          No                  ON           Up             No                                 OFF              ---              OFF                 120              OFF          ---   ---                ---              ---               ---                       ---           
T8      HSSB_PMII_RX_DATA3        HSIO83NB0                                               Fixed       LVCMOS18  Input      None          No                  ON           Up             No                                 OFF              ---              OFF                 120              OFF          ---   ---                ---              ---               ---                       ---           
T9                                VSS                                                     Reserved    
T10     HSSB_PMII_TX_EN           HSIO81PB0/DQS                                           Fixed       LVCMOS18  Output     None          No                  ON           None           No                                 ---              ---              ---                 120              ---          OFF   8                  ---              5                 ---                       OFF           
T11     TP114                     HSIO70NB1                                               Fixed       LVCMOS18  Input      None          No                  ON           Up             No                                 OFF              ---              OFF                 120              OFF          ---   ---                ---              ---               ---                       ---           
T12                               HSIO69NB1/DQS                                           Unassigned  
T13                               HSIO67PB1                                               Unassigned  
T14                               VDDI1                                                   Reserved    
T15                               HSIO66PB1/CLKIN_N_7                                     Unassigned  
T16                               HSIO47PB1                                               Unassigned  
T17     APP_FPGA_SPI_CLK          HSIO42PB1/CCC_NE_CLKIN_N_11                             Fixed       LVCMOS18  Output     None          No                  ON           None           No                                 ---              ---              ---                 120              ---          OFF   8                  ---              5                 ---                       OFF           
T18                               VSS                                                     Reserved    
T19                               VDDA                                                    Reserved    
T20                               VSS                                                     Reserved    
T21                               XCVR_0_RX1_N                                            Reserved    
T22                               XCVR_0_RX1_P                                            Reserved    
U1                                VDDI0                                                   Reserved    
U2      TP205                     HSIO106NB0                                              Fixed       LVCMOS18  Input      None          No                  ON           Up             No                                 OFF              ---              OFF                 120              OFF          ---   ---                ---              ---               ---                       ---           
U3      TP207                     HSIO106PB0/CCC_NW_CLKIN_N_1                             Fixed       LVCMOS18  Input      None          No                  ON           Up             No                                 OFF              ---              OFF                 120              OFF          ---   ---                ---              ---               ---                       ---           
U4      TP204                     HSIO107NB0                                              Fixed       LVCMOS18  Input      None          No                  ON           Up             No                                 OFF              ---              OFF                 120              OFF          ---   ---                ---              ---               ---                       ---           
U5      TP206                     HSIO107PB0/CCC_NW_CLKIN_N_0                             Fixed       LVCMOS18  Input      None          No                  ON           Up             No                                 OFF              ---              OFF                 120              OFF          ---   ---                ---              ---               ---                       ---           
U6                                VSS                                                     Reserved    
U7      TP135                     HSIO95PB0                                               Fixed       LVCMOS18  Input      None          No                  ON           Up             No                                 OFF              ---              OFF                 120              OFF          ---   ---                ---              ---               ---                       ---           
U8      HSSB_PMII_RX_DATA0        HSIO82PB0                                               Fixed       LVCMOS18  Input      None          No                  ON           Up             No                                 OFF              ---              OFF                 120              OFF          ---   ---                ---              ---               ---                       ---           
U9      HSSB_PMII_RX_DATA1        HSIO82NB0                                               Fixed       LVCMOS18  Input      None          No                  ON           Up             No                                 OFF              ---              OFF                 120              OFF          ---   ---                ---              ---               ---                       ---           
U10     HSSB_PMII_RX_DV           HSIO81NB0/DQS                                           Fixed       LVCMOS18  Input      None          No                  ON           Up             No                                 OFF              ---              OFF                 120              OFF          ---   ---                ---              ---               ---                       ---           
U11                               VDDI1                                                   Reserved    
U12                               HSIO59PB1                                               Unassigned  
U13                               HSIO67NB1                                               Unassigned  
U14     TP116                     HSIO71NB1                                               Fixed       LVCMOS18  Input      None          No                  ON           Up             No                                 OFF              ---              OFF                 120              OFF          ---   ---                ---              ---               ---                       ---           
U15                               HSIO68NB1                                               Unassigned  
U16                               VSS                                                     Reserved    
U17     APP_FPGA_SPI0_CS_N        HSIO42NB1                                               Fixed       LVCMOS18  Output     None          No                  ON           None           No                                 ---              ---              ---                 120              ---          OFF   8                  ---              5                 ---                       OFF           
U18                               VSS                                                     Reserved    
U19                               XCVR_0B_REFCLK_P                                        Reserved    
U20                               XCVR_0B_REFCLK_N                                        Reserved    
U21                               VDDA                                                    Reserved    
U22                               VSS                                                     Reserved    
V1                                HSIO104PB0/CLKIN_N_2/CCC_NW_CLKIN_N_2/CCC_NW_PLL1_OUT0  Unassigned  
V2                                HSIO105PB0/DQS/CCC_NW_PLL1_OUT0                         Unassigned  
V3                                VSS                                                     Reserved    
V4                                HSIO103PB0/CCC_NW_PLL1_OUT1                             Unassigned  
V5      APP_DBUG_MOSI             HSIO101PB0                                              Fixed       LVCMOS18  Output     None          No                  ON           None           No                                 ---              ---              ---                 120              ---          OFF   8                  ---              5                 ---                       OFF           
V6                                HSIO97PB0                                               Unassigned  
V7      TP137                     HSIO95NB0                                               Fixed       LVCMOS18  Input      None          No                  ON           Up             No                                 OFF              ---              OFF                 120              OFF          ---   ---                ---              ---               ---                       ---           
V8                                VDDI0                                                   Reserved    
V9      HSSB_PMII_TX_DATA0        HSIO79PB0                                               Fixed       LVCMOS18  Output     None          No                  ON           None           No                                 ---              ---              ---                 120              ---          OFF   8                  ---              5                 ---                       OFF           
V10     HSSB_PMII_TX_DATA1        HSIO79NB0                                               Fixed       LVCMOS18  Output     None          No                  ON           None           No                                 ---              ---              ---                 120              ---          OFF   8                  ---              5                 ---                       OFF           
V11                               HSIO59NB1                                               Unassigned  
V12     APP_AUX_IO4               HSIO56PB1                                               Fixed       LVCMOS18  Output     None          No                  ON           None           No                                 ---              ---              ---                 120              ---          OFF   8                  ---              5                 ---                       OFF           
V13                               VSS                                                     Reserved    
V14     TP117                     HSIO71PB1                                               Fixed       LVCMOS18  Input      None          No                  ON           Up             No                                 OFF              ---              OFF                 120              OFF          ---   ---                ---              ---               ---                       ---           
V15                               HSIO68PB1/CLKIN_N_6                                     Unassigned  
V16     APP_FPGA_SPI0_MOSI        HSIO43PB1/CCC_NE_PLL0_OUT1                              Fixed       LVCMOS18  Output     None          No                  ON           None           No                                 ---              ---              ---                 120              ---          OFF   8                  ---              5                 ---                       OFF           
V17     APP_FPGA_SPI1_MOSI        HSIO44NB1                                               Fixed       LVCMOS18  Output     None          No                  ON           None           No                                 ---              ---              ---                 120              ---          OFF   8                  ---              5                 ---                       OFF           
V18                               VSS                                                     Reserved    
V19                               VDDA25                                                  Reserved    
V20                               VSS                                                     Reserved    
V21                               XCVR_0_TX1_N                                            Reserved    
V22                               XCVR_0_TX1_P                                            Reserved    
W1                                HSIO104NB0                                              Unassigned  
W2                                HSIO105NB0/DQS                                          Unassigned  
W3                                HSIO103NB0                                              Unassigned  
W4      APP_DBUG_MISO             HSIO101NB0                                              Fixed       LVCMOS18  Input      None          No                  ON           Up             No                                 OFF              ---              OFF                 120              OFF          ---   ---                ---              ---               ---                       ---           
W5                                VDDI0                                                   Reserved    
W6      APP_DBUG_HEADER2          HSIO97NB0                                               Fixed       LVCMOS18  Output     None          No                  ON           None           No                                 ---              ---              ---                 120              ---          OFF   8                  ---              5                 ---                       OFF           
W7                                HSIO92PB0                                               Unassigned  
W8                                HSIO92NB0                                               Unassigned  
W9      HSSB_PMII_CLK             HSIO78PB0/CLKIN_N_5                                     Fixed       LVCMOS18  Input      None          No                  ON           Up             No                                 OFF              ---              OFF                 120              OFF          ---   ---                ---              ---               ---                       ---           
W10                               VSS                                                     Reserved    
W11                               HSIO58PB1                                               Unassigned  
W12     APP_AUX_IO5               HSIO56NB1                                               Fixed       LVCMOS18  Output     None          No                  ON           None           No                                 ---              ---              ---                 120              ---          OFF   8                  ---              5                 ---                       OFF           
W13     TP119                     HSIO53PB1                                               Fixed       LVCMOS18  Input      None          No                  ON           Up             No                                 OFF              ---              OFF                 120              OFF          ---   ---                ---              ---               ---                       ---           
W14                               HSIO49PB1/CCC_NE_PLL1_OUT1                              Unassigned  
W15                               VDDI1                                                   Reserved    
W16     APP_FPGA_SPI0_MISO        HSIO43NB1                                               Fixed       LVCMOS18  Output     None          No                  ON           None           No                                 ---              ---              ---                 120              ---          OFF   8                  ---              5                 ---                       OFF           
W17     APP_FPGA_SPI1_CS_N        HSIO44PB1/CCC_NE_CLKIN_N_10/CCC_NE_PLL0_OUT0            Fixed       LVCMOS18  Output     None          No                  ON           None           No                                 ---              ---              ---                 120              ---          OFF   8                  ---              5                 ---                       OFF           
W18                               VSS                                                     Reserved    
W19                               XCVR_0_RX2_N                                            Reserved    
W20                               XCVR_0_RX2_P                                            Reserved    
W21                               VDDA                                                    Reserved    
W22                               VSS                                                     Reserved    
Y1      APP_DBUG_SCLK             HSIO102PB0/CLKIN_N_3/CCC_NW_CLKIN_N_3                   Fixed       LVCMOS18  Input      None          No                  ON           Up             No                                 OFF              ---              OFF                 120              OFF          ---   ---                ---              ---               ---                       ---           
Y2                                VDDI0                                                   Reserved    
Y3      APP_DBUG_CS_N             HSIO100PB0                                              Fixed       LVCMOS18  Output     None          No                  ON           None           No                                 ---              ---              ---                 120              ---          OFF   8                  ---              5                 ---                       OFF           
Y4      APP_DBUG_HEADER8          HSIO99PB0/DQS                                           Fixed       LVCMOS18  Output     None          No                  ON           None           No                                 ---              ---              ---                 120              ---          OFF   8                  ---              5                 ---                       OFF           
Y5      APP_DBUG_HEADER10         HSIO99NB0/DQS                                           Fixed       LVCMOS18  Output     None          No                  ON           None           No                                 ---              ---              ---                 120              ---          OFF   8                  ---              5                 ---                       OFF           
Y6      TP136                     HSIO94PB0                                               Fixed       LVCMOS18  Input      None          No                  ON           Up             No                                 OFF              ---              OFF                 120              OFF          ---   ---                ---              ---               ---                       ---           
Y7                                VSS                                                     Reserved    
Y8                                HSIO90NB0                                               Unassigned  
Y9      HSSB_PMII_RESET_N         HSIO78NB0                                               Fixed       LVCMOS18  Input      None          No                  ON           Up             No                                 OFF              ---              OFF                 120              OFF          ---   ---                ---              ---               ---                       ---           
Y10                               HSIO58NB1                                               Unassigned  
Y11     APP_AUX_IO2               HSIO55PB1                                               Fixed       LVCMOS18  Output     None          No                  ON           None           No                                 ---              ---              ---                 120              ---          OFF   8                  ---              5                 ---                       OFF           
Y12                               VDDI1                                                   Reserved    
Y13     TP118                     HSIO53NB1                                               Fixed       LVCMOS18  Input      None          No                  ON           Up             No                                 OFF              ---              OFF                 120              OFF          ---   ---                ---              ---               ---                       ---           
Y14                               HSIO49NB1                                               Unassigned  
Y15                               HSIO48PB1/CLKIN_N_9/CCC_NE_CLKIN_N_9                    Unassigned  
Y16                               HSIO46NB1                                               Unassigned  
Y17                               VSS                                                     Reserved    
Y18                               VSS                                                     Reserved    
Y19                               VDDA                                                    Reserved    
Y20                               VSS                                                     Reserved    
Y21                               XCVR_0_TX2_N                                            Reserved    
Y22                               XCVR_0_TX2_P                                            Reserved    
